<configuration scan="true" scanPeriod="300 seconds" debug="true">
    <property name="LOG_PATH" value="./logs" />
    <timestamp key="timestamp" datePattern="yyyy-MM-dd" />
    <appender name="STDOUT" class="ch.qos.logback.core.ConsoleAppender">
        <discardingThreshold>0</discardingThreshold> <!--default 20, By default, when the blocking queue has 20% capacity remaining, it will drop events of level TRACE, DEBUG and INFO, keeping only events of level WARN and ERROR. To keep all events, set discardingThreshold to 0-->
        <queueSize>2000</queueSize> <!-- The maximum capacity of the blocking queue. By default, queueSize is set to 256. -->
        <includeCallerData>false</includeCallerData> <!-- default false -->
        <neverBlock>true</neverBlock> <!-- default false, set to true to ensure Appender does not block the application and just drops the message-->
        <encoder>
            <pattern>%n%d{yyyy-MM-dd HH:mm:ss} | [%thread] | %-5level | %logger{36} | traceId: %X{x-trace-id} | clientId: %X{x-client-id} | tenantId: %X{x-tenant-id} | businessGroupId: %X{x-business-group-id} -%msg%n</pattern>
        </encoder>
    </appender>
    <appender name="InfoApender" class="ch.qos.logback.core.rolling.RollingFileAppender">
        <discardingThreshold>0</discardingThreshold> <!--default 20, By default, when the blocking queue has 20% capacity remaining, it will drop events of level TRACE, DEBUG and INFO, keeping only events of level WARN and ERROR. To keep all events, set discardingThreshold to 0-->
        <queueSize>2000</queueSize> <!-- The maximum capacity of the blocking queue. By default, queueSize is set to 256. -->
        <includeCallerData>false</includeCallerData> <!-- default false -->
        <neverBlock>true</neverBlock> <!-- default false, set to true to ensure Appender does not block the application and just drops the message-->
        <file>${LOG_PATH}/nebula_oms_ripley_${timestamp}_info.log</file>
        <filter class="ch.qos.logback.classic.filter.LevelFilter">
            <level>INFO</level>
            <onMatch>ACCEPT</onMatch>
            <onMismatch>DENY</onMismatch>
        </filter>
        <encoder class="ch.qos.logback.core.encoder.LayoutWrappingEncoder">
            <layout class="com.cloverbaylabs.lib.log.masking.layout.MaskingPatternLayout">
                <maskPattern>all</maskPattern> <!-- all pattern -->
                <pattern>%n%d{yyyy-MM-dd HH:mm:ss} | [%thread] | %-5level | %logger{36} | traceId: %X{x-trace-id} | clientId: %X{x-client-id} | tenantId: %X{x-tenant-id} | businessGroupId: %X{x-business-group-id} -%msg%n</pattern>
            </layout>
        </encoder>
        <rollingPolicy class="ch.qos.logback.core.rolling.SizeAndTimeBasedRollingPolicy">
            <fileNamePattern>${LOG_PATH}/nebula_oms_ripley_info.%d{yyyy-MM-dd}.%i.log.gz</fileNamePattern>
            <maxFileSize>20MB</maxFileSize>
            <maxHistory>7</maxHistory>
            <totalSizeCap>1GB</totalSizeCap>
            <cleanHistoryOnStart>true</cleanHistoryOnStart>
        </rollingPolicy>
        <append>true</append>
    </appender>

    <appender name="ErrorApender" class="ch.qos.logback.core.rolling.RollingFileAppender">
        <discardingThreshold>0</discardingThreshold> <!--default 20, By default, when the blocking queue has 20% capacity remaining, it will drop events of level TRACE, DEBUG and INFO, keeping only events of level WARN and ERROR. To keep all events, set discardingThreshold to 0-->
        <queueSize>2000</queueSize> <!-- The maximum capacity of the blocking queue. By default, queueSize is set to 256. -->
        <includeCallerData>false</includeCallerData> <!-- default false -->
        <neverBlock>true</neverBlock> <!-- default false, set to true to ensure Appender does not block the application and just drops the message-->
        <file>${LOG_PATH}/nebula_oms_ripley_${timestamp}_error.log</file>
        <filter class="ch.qos.logback.classic.filter.LevelFilter">
            <level>ERROR</level>
            <onMatch>ACCEPT</onMatch>
            <onMismatch>DENY</onMismatch>
        </filter>
        <encoder class="ch.qos.logback.core.encoder.LayoutWrappingEncoder">
            <layout class="com.cloverbaylabs.lib.log.masking.layout.MaskingPatternLayout">
                <maskPattern>all</maskPattern> <!-- all pattern -->
                <pattern>%n%d{yyyy-MM-dd HH:mm:ss} | [%thread] | %-5level | %logger{36} | traceId: %X{x-trace-id} | clientId: %X{x-client-id} | tenantId: %X{x-tenant-id} | businessGroupId: %X{x-business-group-id} -%msg%n</pattern>
            </layout>
        </encoder>

        <rollingPolicy class="ch.qos.logback.core.rolling.SizeAndTimeBasedRollingPolicy">
            <fileNamePattern>${LOG_PATH}/nebula_oms_ripley_error.%d{yyyy-MM-dd}.%i.log.gz</fileNamePattern>
            <maxFileSize>20MB</maxFileSize>
            <maxHistory>7</maxHistory>
            <totalSizeCap>1GB</totalSizeCap>
            <cleanHistoryOnStart>true</cleanHistoryOnStart>
        </rollingPolicy>
        <append>true</append>
    </appender>

    <root level="error">
        <appender-ref ref="ErrorApender" />
                <appender-ref ref="STDOUT" />
    </root>

    <logger name="com.cloverbaylabs.nebula.oms.ripley" level="INFO" additivity="false">
        <appender-ref ref="InfoApender" />
        <appender-ref ref="ErrorApender" />
                <appender-ref ref="STDOUT" />
    </logger>

    <logger name="org.springframework" level="INFO" additivity="false">
        <appender-ref ref="STDOUT" />
    </logger>

    <logger name="org.hibernate" level="ERROR" additivity="false">
        <appender-ref ref="STDOUT" />
    </logger>
</configuration>
